Vegetation Type,,Acidobacteria,Proteobacteria,Actinobacteria,Bacteroidetes,Thaumarchaeota,Chloroflexi,Planctomycetes,Gemmatimonadetes,Firmicutes,Nitrospirae,Euryarchaeota,others,Site,Composition,Phylum,
Temperate Meadow,NM87,0.325333333,0.254,0.035866667,0.146533333,0.031066667,0.039866667,0.072266667,0.015733333,0.009466667,0.018933333,0.000133333,0.0508,NM87,0.325333333,Acidobacteria,
Temperate Meadow,NM89,0.3484,0.2468,0.032266667,0.102266667,0.005866667,0.074533333,0.052266667,0.024666667,0.010533333,0.034,0.001333333,0.067066667,NM89,0.3484,Acidobacteria,
Temperate Meadow,NM91,0.3196,0.216666667,0.058,0.0972,0.0588,0.109066667,0.049333333,0.019733333,0.015333333,0.013733333,0.001466667,0.041066667,NM91,0.3196,Acidobacteria,
Temperate Meadow,NM93,0.3264,0.240933333,0.0632,0.128,0.051866667,0.036933333,0.0708,0.021866667,0.0052,0.013466667,0.001066667,0.040266667,NM93,0.3264,Acidobacteria,
Temperate Meadow,NM95,0.353733333,0.225733333,0.087733333,0.1028,0.0324,0.0336,0.0576,0.029866667,0.0108,0.016133333,0.000133333,0.049466667,NM95,0.353733333,Acidobacteria,
Temperate Meadow,NM97,0.388933333,0.174266667,0.091066667,0.104,0.026666667,0.035066667,0.063466667,0.030266667,0.014266667,0.0188,0.000266667,0.052933333,NM97,0.388933333,Acidobacteria,
Temperate Meadow,NM99,0.341866667,0.1928,0.087066667,0.051066667,0.081866667,0.033333333,0.059733333,0.020133333,0.0048,0.051466667,0.0012,0.074666667,NM99,0.341866667,Acidobacteria,
Temperate Meadow,NM101,0.38,0.204133333,0.0648,0.0928,0.076266667,0.025866667,0.072133333,0.020266667,0.020266667,0.011866667,0.000533333,0.031066667,NM101,0.38,Acidobacteria,
Temperate Meadow,NM103,0.4,0.168666667,0.070933333,0.128133333,0.026533333,0.036666667,0.065733333,0.036933333,0.0064,0.0164,0.0004,0.0432,NM103,0.4,Acidobacteria,
Temperate Meadow,NM105,0.388666667,0.189733333,0.079066667,0.078666667,0.038266667,0.043066667,0.0668,0.025066667,0.008533333,0.019733333,0.0004,0.062,NM105,0.388666667,Acidobacteria,
Temperate Meadow,NM107,0.360266667,0.127333333,0.086533333,0.1168,0.124533333,0.034266667,0.038,0.028133333,0.0224,0.014266667,0.002266667,0.0452,NM107,0.360266667,Acidobacteria,
Temperate Meadow,NM109,0.365333333,0.1092,0.075466667,0.102666667,0.189466667,0.032933333,0.034,0.020666667,0.0208,0.007733333,0.002533333,0.0392,NM109,0.365333333,Acidobacteria,
Temperate Meadow,NM111,0.327333333,0.1728,0.1592,0.080533333,0.0416,0.050266667,0.0408,0.052266667,0.0124,0.012133333,0.000666667,0.05,NM111,0.327333333,Acidobacteria,
Temperate Steppe,NM1,0.295066667,0.156533333,0.145733333,0.087066667,0.105466667,0.0504,0.044266667,0.025333333,0.017466667,0.011466667,0.001333333,0.059866667,NM1,0.295066667,Acidobacteria,
Temperate Steppe,NM3,0.209866667,0.1572,0.226666667,0.0628,0.105733333,0.060666667,0.067066667,0.033733333,0.016,0.013466667,0.001733333,0.045066667,NM3,0.209866667,Acidobacteria,
Temperate Steppe,NM5,0.1944,0.164,0.1944,0.079466667,0.113866667,0.081333333,0.046933333,0.030933333,0.020533333,0.009866667,0.001733333,0.062533333,NM5,0.1944,Acidobacteria,
Temperate Steppe,NM15,0.205066667,0.1316,0.166933333,0.0744,0.129333333,0.052133333,0.046666667,0.022133333,0.0164,0.013466667,0.001866667,0.14,NM15,0.205066667,Acidobacteria,
Temperate Steppe,NM19,0.176533333,0.145066667,0.1692,0.074933333,0.199333333,0.054533333,0.041066667,0.020133333,0.029066667,0.007466667,0.003333333,0.079333333,NM19,0.176533333,Acidobacteria,
Temperate Steppe,NM23,0.195866667,0.179333333,0.160933333,0.086666667,0.120133333,0.064133333,0.042933333,0.027333333,0.0268,0.0084,0.0028,0.084666667,NM23,0.195866667,Acidobacteria,
Temperate Steppe,NM31,0.154,0.270266667,0.131866667,0.116,0.121866667,0.045733333,0.0556,0.034666667,0.0272,0.005733333,0.002533333,0.034533333,NM31,0.154,Acidobacteria,
Temperate Steppe,NM33,0.228,0.193733333,0.156533333,0.0912,0.134266667,0.056533333,0.0456,0.025066667,0.0168,0.009333333,0.000533333,0.0424,NM33,0.228,Acidobacteria,
Temperate Steppe,NM35,0.2092,0.180933333,0.206133333,0.0684,0.1352,0.0508,0.0412,0.022,0.017733333,0.014266667,0.000666667,0.053466667,NM35,0.2092,Acidobacteria,
Temperate Steppe,NM37,0.220933333,0.2,0.160133333,0.1184,0.111466667,0.043733333,0.0512,0.026133333,0.0284,0.0076,0.0008,0.0312,NM37,0.220933333,Acidobacteria,
Temperate Steppe,NM39,0.234,0.227333333,0.2,0.057866667,0.056533333,0.065066667,0.044266667,0.0332,0.022266667,0.011466667,0.001866667,0.046133333,NM39,0.234,Acidobacteria,
Temperate Steppe,NM41,0.244133333,0.1712,0.130666667,0.056533333,0.166533333,0.051333333,0.042,0.0168,0.015866667,0.013733333,0.0008,0.0904,NM41,0.244133333,Acidobacteria,
Temperate Steppe,NM43,0.1632,0.254533333,0.1196,0.092266667,0.132,0.0624,0.0472,0.021466667,0.0428,0.011333333,0.0012,0.052,NM43,0.1632,Acidobacteria,
Temperate Steppe,NM45,0.202533333,0.194266667,0.1316,0.113333333,0.1116,0.047466667,0.0396,0.017733333,0.075066667,0.011733333,0.000266667,0.0548,NM45,0.202533333,Acidobacteria,
Temperate Steppe,NM47,0.2124,0.2,0.1564,0.092,0.117066667,0.048266667,0.034,0.020933333,0.044133333,0.013866667,0.000666667,0.060266667,NM47,0.2124,Acidobacteria,
Temperate Steppe,NM49,0.152266667,0.286533333,0.2464,0.050933333,0.071333333,0.074,0.049066667,0.027733333,0.007733333,0.006133333,0.0004,0.027466667,NM49,0.152266667,Acidobacteria,
Temperate Steppe,NM51,0.1864,0.2584,0.208266667,0.087733333,0.0532,0.067733333,0.039866667,0.032933333,0.014533333,0.008666667,0.000266667,0.042,NM51,0.1864,Acidobacteria,
Temperate Steppe,NM53,0.245733333,0.193866667,0.144266667,0.1052,0.141333333,0.0456,0.037466667,0.024266667,0.008266667,0.0132,0.000266667,0.040533333,NM53,0.245733333,Acidobacteria,
Temperate Steppe,NM55,0.274666667,0.1388,0.173866667,0.075333333,0.1232,0.047866667,0.036133333,0.0268,0.031866667,0.016666667,0.001066667,0.053733333,NM55,0.274666667,Acidobacteria,
Temperate Steppe,NM61,0.328266667,0.203466667,0.060933333,0.1364,0.090533333,0.046266667,0.0572,0.023733333,0.004533333,0.0116,0.001066667,0.036,NM61,0.328266667,Acidobacteria,
Temperate Steppe,NM63,0.322533333,0.200933333,0.078133333,0.120533333,0.0784,0.048933333,0.048533333,0.0288,0.0128,0.015466667,0.000533333,0.0444,NM63,0.322533333,Acidobacteria,
Temperate Steppe,NM65,0.368266667,0.146133333,0.093333333,0.0976,0.1,0.055466667,0.0372,0.0464,0.0104,0.014266667,0.002933333,0.028,NM65,0.368266667,Acidobacteria,
Temperate Steppe,NM67,0.406933333,0.174666667,0.107333333,0.054533333,0.060933333,0.033333333,0.055066667,0.028533333,0.006933333,0.017333333,0.001733333,0.052666667,NM67,0.406933333,Acidobacteria,
Temperate Steppe,NM69,0.307733333,0.188133333,0.089866667,0.1436,0.0628,0.052533333,0.047066667,0.0268,0.012,0.0136,0.001333333,0.054533333,NM69,0.307733333,Acidobacteria,
Temperate Steppe,NM71,0.252,0.224266667,0.1028,0.117333333,0.077066667,0.049066667,0.052,0.034133333,0.0188,0.010266667,0.002533333,0.059733333,NM71,0.252,Acidobacteria,
Temperate Steppe,NM73,0.377733333,0.2336,0.099866667,0.059866667,0.012933333,0.048666667,0.079466667,0.029866667,0.005733333,0.013333333,0.000533333,0.0384,NM73,0.377733333,Acidobacteria,
Temperate Steppe,NM79,0.2984,0.202533333,0.076533333,0.117466667,0.070266667,0.053066667,0.0552,0.017733333,0.032933333,0.012,0.002133333,0.061733333,NM79,0.2984,Acidobacteria,
Temperate Steppe,NM81,0.208666667,0.2544,0.100533333,0.100133333,0.1728,0.034266667,0.018266667,0.021066667,0.0388,0.006,0.0016,0.043466667,NM81,0.208666667,Acidobacteria,
Temperate Steppe,NM83,0.274133333,0.165066667,0.0656,0.0724,0.2504,0.039466667,0.033066667,0.013466667,0.033333333,0.0184,0.0024,0.032266667,NM83,0.274133333,Acidobacteria,
Temperate Steppe,NM85,0.328266667,0.2344,0.0944,0.11,0.036,0.033733333,0.0544,0.026666667,0.011466667,0.014133333,0.000266667,0.056266667,NM85,0.328266667,Acidobacteria,
Temperate Steppe,NM113,0.375066667,0.222666667,0.119466667,0.059866667,0.030933333,0.0448,0.0532,0.041466667,0.008,0.012133333,0,0.0324,NM113,0.375066667,Acidobacteria,
Temperate Steppe,NM115,0.336133333,0.301866667,0.0612,0.1036,0.019466667,0.033466667,0.054933333,0.028533333,0.004533333,0.0228,0.000133333,0.033333333,NM115,0.336133333,Acidobacteria,
Temperate Steppe,NM117,0.366266667,0.211733333,0.118266667,0.036,0.1008,0.030533333,0.046133333,0.028533333,0.0052,0.021333333,0.0004,0.0348,NM117,0.366266667,Acidobacteria,
Temperate Steppe,NM119,0.335466667,0.274933333,0.106933333,0.066133333,0.024666667,0.0348,0.0524,0.034666667,0.014133333,0.018,0.000266667,0.0376,NM119,0.335466667,Acidobacteria,
Temperate Steppe,NM121,0.422,0.19,0.088933333,0.140133333,0.018,0.025466667,0.031333333,0.030266667,0.0228,0.0064,0,0.024666667,NM121,0.422,Acidobacteria,
Temperate Steppe,NM123,0.434133333,0.180266667,0.0524,0.112266667,0.020533333,0.0268,0.0572,0.017333333,0.014533333,0.0188,0.000133333,0.0656,NM123,0.434133333,Acidobacteria,
Temperate Steppe,NM125,0.349733333,0.184933333,0.1636,0.0284,0.057066667,0.041066667,0.0632,0.029333333,0.0112,0.017333333,0.000266667,0.053866667,NM125,0.349733333,Acidobacteria,
Temperate Steppe,NM127,0.346133333,0.190266667,0.128266667,0.0872,0.0432,0.043333333,0.049333333,0.042266667,0.0064,0.015733333,0.0004,0.047466667,NM127,0.346133333,Acidobacteria,
Temperate Steppe,NM129,0.316266667,0.166933333,0.180133333,0.0472,0.0292,0.055066667,0.058666667,0.0668,0.005066667,0.026666667,0.0008,0.0472,NM129,0.316266667,Acidobacteria,
Temperate Desert,NM7,0.154666667,0.201866667,0.164666667,0.076266667,0.0752,0.0712,0.033733333,0.028533333,0.0324,0.010933333,0.0004,0.150133333,NM7,0.154666667,Acidobacteria,
Temperate Desert,NM9,0.1888,0.184,0.192,0.031066667,0.107333333,0.084666667,0.038,0.046,0.043866667,0.0144,0.001733333,0.068133333,NM9,0.1888,Acidobacteria,
Temperate Desert,NM11,0.163866667,0.119866667,0.277333333,0.048533333,0.1172,0.077333333,0.051733333,0.028933333,0.0284,0.010933333,0.000666667,0.0752,NM11,0.163866667,Acidobacteria,
Temperate Desert,NM13,0.182666667,0.145733333,0.225733333,0.052533333,0.091733333,0.066,0.048,0.032933333,0.066266667,0.011066667,0.000933333,0.0764,NM13,0.182666667,Acidobacteria,
Temperate Desert,NM17,0.197333333,0.1668,0.150666667,0.1436,0.1016,0.054666667,0.041866667,0.022,0.0248,0.010133333,0.0004,0.086133333,NM17,0.197333333,Acidobacteria,
Temperate Desert,NM21,0.163066667,0.1812,0.205466667,0.076533333,0.100133333,0.0736,0.041866667,0.038,0.036133333,0.011733333,0.001066667,0.0712,NM21,0.163066667,Acidobacteria,
Temperate Desert,NM25,0.125866667,0.311333333,0.138133333,0.1096,0.0904,0.0712,0.034133333,0.027866667,0.0244,0.0088,0.0012,0.057066667,NM25,0.125866667,Acidobacteria,
Temperate Desert,NM27,0.083466667,0.237733333,0.2072,0.1512,0.038666667,0.066,0.074,0.0632,0.0156,0.006933333,0.017466667,0.038533333,NM27,0.083466667,Acidobacteria,
Temperate Desert,NM29,0.174,0.342666667,0.101333333,0.109866667,0.083066667,0.048266667,0.044133333,0.022133333,0.0128,0.0108,0.003333333,0.0476,NM29,0.174,Acidobacteria,
Temperate Desert,NM57,0.2636,0.221466667,0.151066667,0.064266667,0.045466667,0.073866667,0.038933333,0.0456,0.037066667,0.012533333,0.001333333,0.0448,NM57,0.2636,Acidobacteria,
Temperate Desert,NM59,0.201866667,0.134,0.2124,0.0524,0.129466667,0.065333333,0.028133333,0.0412,0.053333333,0.01,0.002533333,0.069333333,NM59,0.201866667,Acidobacteria,
Temperate Desert,NM75,0.256266667,0.202933333,0.101866667,0.113866667,0.116933333,0.066,0.026266667,0.025333333,0.052933333,0.010666667,0.001866667,0.025066667,NM75,0.256266667,Acidobacteria,
Temperate Desert,NM77,0.2092,0.294266667,0.133733333,0.1104,0.052,0.0592,0.038666667,0.026533333,0.016133333,0.0108,0.0012,0.047866667,NM77,0.2092,Acidobacteria,
,,,,,,,,,,,,,,NM87,0.254,Proteobacteria,
,,,,,,,,,,,,,,NM89,0.2468,Proteobacteria,
,,,,,,,,,,,,,,NM91,0.216666667,Proteobacteria,
,,,,,,,,,,,,,,NM93,0.240933333,Proteobacteria,
,,,,,,,,,,,,,,NM95,0.225733333,Proteobacteria,
,,,,,,,,,,,,,,NM97,0.174266667,Proteobacteria,
,,,,,,,,,,,,,,NM99,0.1928,Proteobacteria,
,,,,,,,,,,,,,,NM101,0.204133333,Proteobacteria,
,,,,,,,,,,,,,,NM103,0.168666667,Proteobacteria,
,,,,,,,,,,,,,,NM105,0.189733333,Proteobacteria,
,,,,,,,,,,,,,,NM107,0.127333333,Proteobacteria,
,,,,,,,,,,,,,,NM109,0.1092,Proteobacteria,
,,,,,,,,,,,,,,NM111,0.1728,Proteobacteria,
,,,,,,,,,,,,,,NM1,0.156533333,Proteobacteria,
,,,,,,,,,,,,,,NM3,0.1572,Proteobacteria,
,,,,,,,,,,,,,,NM5,0.164,Proteobacteria,
,,,,,,,,,,,,,,NM15,0.1316,Proteobacteria,
,,,,,,,,,,,,,,NM19,0.145066667,Proteobacteria,
,,,,,,,,,,,,,,NM23,0.179333333,Proteobacteria,
,,,,,,,,,,,,,,NM31,0.270266667,Proteobacteria,
,,,,,,,,,,,,,,NM33,0.193733333,Proteobacteria,
,,,,,,,,,,,,,,NM35,0.180933333,Proteobacteria,
,,,,,,,,,,,,,,NM37,0.2,Proteobacteria,
,,,,,,,,,,,,,,NM39,0.227333333,Proteobacteria,
,,,,,,,,,,,,,,NM41,0.1712,Proteobacteria,
,,,,,,,,,,,,,,NM43,0.254533333,Proteobacteria,
,,,,,,,,,,,,,,NM45,0.194266667,Proteobacteria,
,,,,,,,,,,,,,,NM47,0.2,Proteobacteria,
,,,,,,,,,,,,,,NM49,0.286533333,Proteobacteria,
,,,,,,,,,,,,,,NM51,0.2584,Proteobacteria,
,,,,,,,,,,,,,,NM53,0.193866667,Proteobacteria,
,,,,,,,,,,,,,,NM55,0.1388,Proteobacteria,
,,,,,,,,,,,,,,NM61,0.203466667,Proteobacteria,
,,,,,,,,,,,,,,NM63,0.200933333,Proteobacteria,
,,,,,,,,,,,,,,NM65,0.146133333,Proteobacteria,
,,,,,,,,,,,,,,NM67,0.174666667,Proteobacteria,
,,,,,,,,,,,,,,NM69,0.188133333,Proteobacteria,
,,,,,,,,,,,,,,NM71,0.224266667,Proteobacteria,
,,,,,,,,,,,,,,NM73,0.2336,Proteobacteria,
,,,,,,,,,,,,,,NM79,0.202533333,Proteobacteria,
,,,,,,,,,,,,,,NM81,0.2544,Proteobacteria,
,,,,,,,,,,,,,,NM83,0.165066667,Proteobacteria,
,,,,,,,,,,,,,,NM85,0.2344,Proteobacteria,
,,,,,,,,,,,,,,NM113,0.222666667,Proteobacteria,
,,,,,,,,,,,,,,NM115,0.301866667,Proteobacteria,
,,,,,,,,,,,,,,NM117,0.211733333,Proteobacteria,
,,,,,,,,,,,,,,NM119,0.274933333,Proteobacteria,
,,,,,,,,,,,,,,NM121,0.19,Proteobacteria,
,,,,,,,,,,,,,,NM123,0.180266667,Proteobacteria,
,,,,,,,,,,,,,,NM125,0.184933333,Proteobacteria,
,,,,,,,,,,,,,,NM127,0.190266667,Proteobacteria,
,,,,,,,,,,,,,,NM129,0.166933333,Proteobacteria,
,,,,,,,,,,,,,,NM7,0.201866667,Proteobacteria,
,,,,,,,,,,,,,,NM9,0.184,Proteobacteria,
,,,,,,,,,,,,,,NM11,0.119866667,Proteobacteria,
,,,,,,,,,,,,,,NM13,0.145733333,Proteobacteria,
,,,,,,,,,,,,,,NM17,0.1668,Proteobacteria,
,,,,,,,,,,,,,,NM21,0.1812,Proteobacteria,
,,,,,,,,,,,,,,NM25,0.311333333,Proteobacteria,
,,,,,,,,,,,,,,NM27,0.237733333,Proteobacteria,
,,,,,,,,,,,,,,NM29,0.342666667,Proteobacteria,
,,,,,,,,,,,,,,NM57,0.221466667,Proteobacteria,
,,,,,,,,,,,,,,NM59,0.134,Proteobacteria,
,,,,,,,,,,,,,,NM75,0.202933333,Proteobacteria,
,,,,,,,,,,,,,,NM77,0.294266667,Proteobacteria,
,,,,,,,,,,,,,,NM87,0.035866667,Actinobacteria,
,,,,,,,,,,,,,,NM89,0.032266667,Actinobacteria,
,,,,,,,,,,,,,,NM91,0.058,Actinobacteria,
,,,,,,,,,,,,,,NM93,0.0632,Actinobacteria,
,,,,,,,,,,,,,,NM95,0.087733333,Actinobacteria,
,,,,,,,,,,,,,,NM97,0.091066667,Actinobacteria,
,,,,,,,,,,,,,,NM99,0.087066667,Actinobacteria,
,,,,,,,,,,,,,,NM101,0.0648,Actinobacteria,
,,,,,,,,,,,,,,NM103,0.070933333,Actinobacteria,
,,,,,,,,,,,,,,NM105,0.079066667,Actinobacteria,
,,,,,,,,,,,,,,NM107,0.086533333,Actinobacteria,
,,,,,,,,,,,,,,NM109,0.075466667,Actinobacteria,
,,,,,,,,,,,,,,NM111,0.1592,Actinobacteria,
,,,,,,,,,,,,,,NM1,0.145733333,Actinobacteria,
,,,,,,,,,,,,,,NM3,0.226666667,Actinobacteria,
,,,,,,,,,,,,,,NM5,0.1944,Actinobacteria,
,,,,,,,,,,,,,,NM15,0.166933333,Actinobacteria,
,,,,,,,,,,,,,,NM19,0.1692,Actinobacteria,
,,,,,,,,,,,,,,NM23,0.160933333,Actinobacteria,
,,,,,,,,,,,,,,NM31,0.131866667,Actinobacteria,
,,,,,,,,,,,,,,NM33,0.156533333,Actinobacteria,
,,,,,,,,,,,,,,NM35,0.206133333,Actinobacteria,
,,,,,,,,,,,,,,NM37,0.160133333,Actinobacteria,
,,,,,,,,,,,,,,NM39,0.2,Actinobacteria,
,,,,,,,,,,,,,,NM41,0.130666667,Actinobacteria,
,,,,,,,,,,,,,,NM43,0.1196,Actinobacteria,
,,,,,,,,,,,,,,NM45,0.1316,Actinobacteria,
,,,,,,,,,,,,,,NM47,0.1564,Actinobacteria,
,,,,,,,,,,,,,,NM49,0.2464,Actinobacteria,
,,,,,,,,,,,,,,NM51,0.208266667,Actinobacteria,
,,,,,,,,,,,,,,NM53,0.144266667,Actinobacteria,
,,,,,,,,,,,,,,NM55,0.173866667,Actinobacteria,
,,,,,,,,,,,,,,NM61,0.060933333,Actinobacteria,
,,,,,,,,,,,,,,NM63,0.078133333,Actinobacteria,
,,,,,,,,,,,,,,NM65,0.093333333,Actinobacteria,
,,,,,,,,,,,,,,NM67,0.107333333,Actinobacteria,
,,,,,,,,,,,,,,NM69,0.089866667,Actinobacteria,
,,,,,,,,,,,,,,NM71,0.1028,Actinobacteria,
,,,,,,,,,,,,,,NM73,0.099866667,Actinobacteria,
,,,,,,,,,,,,,,NM79,0.076533333,Actinobacteria,
,,,,,,,,,,,,,,NM81,0.100533333,Actinobacteria,
,,,,,,,,,,,,,,NM83,0.0656,Actinobacteria,
,,,,,,,,,,,,,,NM85,0.0944,Actinobacteria,
,,,,,,,,,,,,,,NM113,0.119466667,Actinobacteria,
,,,,,,,,,,,,,,NM115,0.0612,Actinobacteria,
,,,,,,,,,,,,,,NM117,0.118266667,Actinobacteria,
,,,,,,,,,,,,,,NM119,0.106933333,Actinobacteria,
,,,,,,,,,,,,,,NM121,0.088933333,Actinobacteria,
,,,,,,,,,,,,,,NM123,0.0524,Actinobacteria,
,,,,,,,,,,,,,,NM125,0.1636,Actinobacteria,
,,,,,,,,,,,,,,NM127,0.128266667,Actinobacteria,
,,,,,,,,,,,,,,NM129,0.180133333,Actinobacteria,
,,,,,,,,,,,,,,NM7,0.164666667,Actinobacteria,
,,,,,,,,,,,,,,NM9,0.192,Actinobacteria,
,,,,,,,,,,,,,,NM11,0.277333333,Actinobacteria,
,,,,,,,,,,,,,,NM13,0.225733333,Actinobacteria,
,,,,,,,,,,,,,,NM17,0.150666667,Actinobacteria,
,,,,,,,,,,,,,,NM21,0.205466667,Actinobacteria,
,,,,,,,,,,,,,,NM25,0.138133333,Actinobacteria,
,,,,,,,,,,,,,,NM27,0.2072,Actinobacteria,
,,,,,,,,,,,,,,NM29,0.101333333,Actinobacteria,
,,,,,,,,,,,,,,NM57,0.151066667,Actinobacteria,
,,,,,,,,,,,,,,NM59,0.2124,Actinobacteria,
,,,,,,,,,,,,,,NM75,0.101866667,Actinobacteria,
,,,,,,,,,,,,,,NM77,0.133733333,Actinobacteria,
,,,,,,,,,,,,,,NM87,0.146533333,Bacteroidetes,
,,,,,,,,,,,,,,NM89,0.102266667,Bacteroidetes,
,,,,,,,,,,,,,,NM91,0.0972,Bacteroidetes,
,,,,,,,,,,,,,,NM93,0.128,Bacteroidetes,
,,,,,,,,,,,,,,NM95,0.1028,Bacteroidetes,
,,,,,,,,,,,,,,NM97,0.104,Bacteroidetes,
,,,,,,,,,,,,,,NM99,0.051066667,Bacteroidetes,
,,,,,,,,,,,,,,NM101,0.0928,Bacteroidetes,
,,,,,,,,,,,,,,NM103,0.128133333,Bacteroidetes,
,,,,,,,,,,,,,,NM105,0.078666667,Bacteroidetes,
,,,,,,,,,,,,,,NM107,0.1168,Bacteroidetes,
,,,,,,,,,,,,,,NM109,0.102666667,Bacteroidetes,
,,,,,,,,,,,,,,NM111,0.080533333,Bacteroidetes,
,,,,,,,,,,,,,,NM1,0.087066667,Bacteroidetes,
,,,,,,,,,,,,,,NM3,0.0628,Bacteroidetes,
,,,,,,,,,,,,,,NM5,0.079466667,Bacteroidetes,
,,,,,,,,,,,,,,NM15,0.0744,Bacteroidetes,
,,,,,,,,,,,,,,NM19,0.074933333,Bacteroidetes,
,,,,,,,,,,,,,,NM23,0.086666667,Bacteroidetes,
,,,,,,,,,,,,,,NM31,0.116,Bacteroidetes,
,,,,,,,,,,,,,,NM33,0.0912,Bacteroidetes,
,,,,,,,,,,,,,,NM35,0.0684,Bacteroidetes,
,,,,,,,,,,,,,,NM37,0.1184,Bacteroidetes,
,,,,,,,,,,,,,,NM39,0.057866667,Bacteroidetes,
,,,,,,,,,,,,,,NM41,0.056533333,Bacteroidetes,
,,,,,,,,,,,,,,NM43,0.092266667,Bacteroidetes,
,,,,,,,,,,,,,,NM45,0.113333333,Bacteroidetes,
,,,,,,,,,,,,,,NM47,0.092,Bacteroidetes,
,,,,,,,,,,,,,,NM49,0.050933333,Bacteroidetes,
,,,,,,,,,,,,,,NM51,0.087733333,Bacteroidetes,
,,,,,,,,,,,,,,NM53,0.1052,Bacteroidetes,
,,,,,,,,,,,,,,NM55,0.075333333,Bacteroidetes,
,,,,,,,,,,,,,,NM61,0.1364,Bacteroidetes,
,,,,,,,,,,,,,,NM63,0.120533333,Bacteroidetes,
,,,,,,,,,,,,,,NM65,0.0976,Bacteroidetes,
,,,,,,,,,,,,,,NM67,0.054533333,Bacteroidetes,
,,,,,,,,,,,,,,NM69,0.1436,Bacteroidetes,
,,,,,,,,,,,,,,NM71,0.117333333,Bacteroidetes,
,,,,,,,,,,,,,,NM73,0.059866667,Bacteroidetes,
,,,,,,,,,,,,,,NM79,0.117466667,Bacteroidetes,
,,,,,,,,,,,,,,NM81,0.100133333,Bacteroidetes,
,,,,,,,,,,,,,,NM83,0.0724,Bacteroidetes,
,,,,,,,,,,,,,,NM85,0.11,Bacteroidetes,
,,,,,,,,,,,,,,NM113,0.059866667,Bacteroidetes,
,,,,,,,,,,,,,,NM115,0.1036,Bacteroidetes,
,,,,,,,,,,,,,,NM117,0.036,Bacteroidetes,
,,,,,,,,,,,,,,NM119,0.066133333,Bacteroidetes,
,,,,,,,,,,,,,,NM121,0.140133333,Bacteroidetes,
,,,,,,,,,,,,,,NM123,0.112266667,Bacteroidetes,
,,,,,,,,,,,,,,NM125,0.0284,Bacteroidetes,
,,,,,,,,,,,,,,NM127,0.0872,Bacteroidetes,
,,,,,,,,,,,,,,NM129,0.0472,Bacteroidetes,
,,,,,,,,,,,,,,NM7,0.076266667,Bacteroidetes,
,,,,,,,,,,,,,,NM9,0.031066667,Bacteroidetes,
,,,,,,,,,,,,,,NM11,0.048533333,Bacteroidetes,
,,,,,,,,,,,,,,NM13,0.052533333,Bacteroidetes,
,,,,,,,,,,,,,,NM17,0.1436,Bacteroidetes,
,,,,,,,,,,,,,,NM21,0.076533333,Bacteroidetes,
,,,,,,,,,,,,,,NM25,0.1096,Bacteroidetes,
,,,,,,,,,,,,,,NM27,0.1512,Bacteroidetes,
,,,,,,,,,,,,,,NM29,0.109866667,Bacteroidetes,
,,,,,,,,,,,,,,NM57,0.064266667,Bacteroidetes,
,,,,,,,,,,,,,,NM59,0.0524,Bacteroidetes,
,,,,,,,,,,,,,,NM75,0.113866667,Bacteroidetes,
,,,,,,,,,,,,,,NM77,0.1104,Bacteroidetes,
,,,,,,,,,,,,,,NM87,0.031066667,Thaumarchaeota,
,,,,,,,,,,,,,,NM89,0.005866667,Thaumarchaeota,
,,,,,,,,,,,,,,NM91,0.0588,Thaumarchaeota,
,,,,,,,,,,,,,,NM93,0.051866667,Thaumarchaeota,
,,,,,,,,,,,,,,NM95,0.0324,Thaumarchaeota,
,,,,,,,,,,,,,,NM97,0.026666667,Thaumarchaeota,
,,,,,,,,,,,,,,NM99,0.081866667,Thaumarchaeota,
,,,,,,,,,,,,,,NM101,0.076266667,Thaumarchaeota,
,,,,,,,,,,,,,,NM103,0.026533333,Thaumarchaeota,
,,,,,,,,,,,,,,NM105,0.038266667,Thaumarchaeota,
,,,,,,,,,,,,,,NM107,0.124533333,Thaumarchaeota,
,,,,,,,,,,,,,,NM109,0.189466667,Thaumarchaeota,
,,,,,,,,,,,,,,NM111,0.0416,Thaumarchaeota,
,,,,,,,,,,,,,,NM1,0.105466667,Thaumarchaeota,
,,,,,,,,,,,,,,NM3,0.105733333,Thaumarchaeota,
,,,,,,,,,,,,,,NM5,0.113866667,Thaumarchaeota,
,,,,,,,,,,,,,,NM15,0.129333333,Thaumarchaeota,
,,,,,,,,,,,,,,NM19,0.199333333,Thaumarchaeota,
,,,,,,,,,,,,,,NM23,0.120133333,Thaumarchaeota,
,,,,,,,,,,,,,,NM31,0.121866667,Thaumarchaeota,
,,,,,,,,,,,,,,NM33,0.134266667,Thaumarchaeota,
,,,,,,,,,,,,,,NM35,0.1352,Thaumarchaeota,
,,,,,,,,,,,,,,NM37,0.111466667,Thaumarchaeota,
,,,,,,,,,,,,,,NM39,0.056533333,Thaumarchaeota,
,,,,,,,,,,,,,,NM41,0.166533333,Thaumarchaeota,
,,,,,,,,,,,,,,NM43,0.132,Thaumarchaeota,
,,,,,,,,,,,,,,NM45,0.1116,Thaumarchaeota,
,,,,,,,,,,,,,,NM47,0.117066667,Thaumarchaeota,
,,,,,,,,,,,,,,NM49,0.071333333,Thaumarchaeota,
,,,,,,,,,,,,,,NM51,0.0532,Thaumarchaeota,
,,,,,,,,,,,,,,NM53,0.141333333,Thaumarchaeota,
,,,,,,,,,,,,,,NM55,0.1232,Thaumarchaeota,
,,,,,,,,,,,,,,NM61,0.090533333,Thaumarchaeota,
,,,,,,,,,,,,,,NM63,0.0784,Thaumarchaeota,
,,,,,,,,,,,,,,NM65,0.1,Thaumarchaeota,
,,,,,,,,,,,,,,NM67,0.060933333,Thaumarchaeota,
,,,,,,,,,,,,,,NM69,0.0628,Thaumarchaeota,
,,,,,,,,,,,,,,NM71,0.077066667,Thaumarchaeota,
,,,,,,,,,,,,,,NM73,0.012933333,Thaumarchaeota,
,,,,,,,,,,,,,,NM79,0.070266667,Thaumarchaeota,
,,,,,,,,,,,,,,NM81,0.1728,Thaumarchaeota,
,,,,,,,,,,,,,,NM83,0.2504,Thaumarchaeota,
,,,,,,,,,,,,,,NM85,0.036,Thaumarchaeota,
,,,,,,,,,,,,,,NM113,0.030933333,Thaumarchaeota,
,,,,,,,,,,,,,,NM115,0.019466667,Thaumarchaeota,
,,,,,,,,,,,,,,NM117,0.1008,Thaumarchaeota,
,,,,,,,,,,,,,,NM119,0.024666667,Thaumarchaeota,
,,,,,,,,,,,,,,NM121,0.018,Thaumarchaeota,
,,,,,,,,,,,,,,NM123,0.020533333,Thaumarchaeota,
,,,,,,,,,,,,,,NM125,0.057066667,Thaumarchaeota,
,,,,,,,,,,,,,,NM127,0.0432,Thaumarchaeota,
,,,,,,,,,,,,,,NM129,0.0292,Thaumarchaeota,
,,,,,,,,,,,,,,NM7,0.0752,Thaumarchaeota,
,,,,,,,,,,,,,,NM9,0.107333333,Thaumarchaeota,
,,,,,,,,,,,,,,NM11,0.1172,Thaumarchaeota,
,,,,,,,,,,,,,,NM13,0.091733333,Thaumarchaeota,
,,,,,,,,,,,,,,NM17,0.1016,Thaumarchaeota,
,,,,,,,,,,,,,,NM21,0.100133333,Thaumarchaeota,
,,,,,,,,,,,,,,NM25,0.0904,Thaumarchaeota,
,,,,,,,,,,,,,,NM27,0.038666667,Thaumarchaeota,
,,,,,,,,,,,,,,NM29,0.083066667,Thaumarchaeota,
,,,,,,,,,,,,,,NM57,0.045466667,Thaumarchaeota,
,,,,,,,,,,,,,,NM59,0.129466667,Thaumarchaeota,
,,,,,,,,,,,,,,NM75,0.116933333,Thaumarchaeota,
,,,,,,,,,,,,,,NM77,0.052,Thaumarchaeota,
,,,,,,,,,,,,,,NM87,0.039866667,Chloroflexi,
,,,,,,,,,,,,,,NM89,0.074533333,Chloroflexi,
,,,,,,,,,,,,,,NM91,0.109066667,Chloroflexi,
,,,,,,,,,,,,,,NM93,0.036933333,Chloroflexi,
,,,,,,,,,,,,,,NM95,0.0336,Chloroflexi,
,,,,,,,,,,,,,,NM97,0.035066667,Chloroflexi,
,,,,,,,,,,,,,,NM99,0.033333333,Chloroflexi,
,,,,,,,,,,,,,,NM101,0.025866667,Chloroflexi,
,,,,,,,,,,,,,,NM103,0.036666667,Chloroflexi,
,,,,,,,,,,,,,,NM105,0.043066667,Chloroflexi,
,,,,,,,,,,,,,,NM107,0.034266667,Chloroflexi,
,,,,,,,,,,,,,,NM109,0.032933333,Chloroflexi,
,,,,,,,,,,,,,,NM111,0.050266667,Chloroflexi,
,,,,,,,,,,,,,,NM1,0.0504,Chloroflexi,
,,,,,,,,,,,,,,NM3,0.060666667,Chloroflexi,
,,,,,,,,,,,,,,NM5,0.081333333,Chloroflexi,
,,,,,,,,,,,,,,NM15,0.052133333,Chloroflexi,
,,,,,,,,,,,,,,NM19,0.054533333,Chloroflexi,
,,,,,,,,,,,,,,NM23,0.064133333,Chloroflexi,
,,,,,,,,,,,,,,NM31,0.045733333,Chloroflexi,
,,,,,,,,,,,,,,NM33,0.056533333,Chloroflexi,
,,,,,,,,,,,,,,NM35,0.0508,Chloroflexi,
,,,,,,,,,,,,,,NM37,0.043733333,Chloroflexi,
,,,,,,,,,,,,,,NM39,0.065066667,Chloroflexi,
,,,,,,,,,,,,,,NM41,0.051333333,Chloroflexi,
,,,,,,,,,,,,,,NM43,0.0624,Chloroflexi,
,,,,,,,,,,,,,,NM45,0.047466667,Chloroflexi,
,,,,,,,,,,,,,,NM47,0.048266667,Chloroflexi,
,,,,,,,,,,,,,,NM49,0.074,Chloroflexi,
,,,,,,,,,,,,,,NM51,0.067733333,Chloroflexi,
,,,,,,,,,,,,,,NM53,0.0456,Chloroflexi,
,,,,,,,,,,,,,,NM55,0.047866667,Chloroflexi,
,,,,,,,,,,,,,,NM61,0.046266667,Chloroflexi,
,,,,,,,,,,,,,,NM63,0.048933333,Chloroflexi,
,,,,,,,,,,,,,,NM65,0.055466667,Chloroflexi,
,,,,,,,,,,,,,,NM67,0.033333333,Chloroflexi,
,,,,,,,,,,,,,,NM69,0.052533333,Chloroflexi,
,,,,,,,,,,,,,,NM71,0.049066667,Chloroflexi,
,,,,,,,,,,,,,,NM73,0.048666667,Chloroflexi,
,,,,,,,,,,,,,,NM79,0.053066667,Chloroflexi,
,,,,,,,,,,,,,,NM81,0.034266667,Chloroflexi,
,,,,,,,,,,,,,,NM83,0.039466667,Chloroflexi,
,,,,,,,,,,,,,,NM85,0.033733333,Chloroflexi,
,,,,,,,,,,,,,,NM113,0.0448,Chloroflexi,
,,,,,,,,,,,,,,NM115,0.033466667,Chloroflexi,
,,,,,,,,,,,,,,NM117,0.030533333,Chloroflexi,
,,,,,,,,,,,,,,NM119,0.0348,Chloroflexi,
,,,,,,,,,,,,,,NM121,0.025466667,Chloroflexi,
,,,,,,,,,,,,,,NM123,0.0268,Chloroflexi,
,,,,,,,,,,,,,,NM125,0.041066667,Chloroflexi,
,,,,,,,,,,,,,,NM127,0.043333333,Chloroflexi,
,,,,,,,,,,,,,,NM129,0.055066667,Chloroflexi,
,,,,,,,,,,,,,,NM7,0.0712,Chloroflexi,
,,,,,,,,,,,,,,NM9,0.084666667,Chloroflexi,
,,,,,,,,,,,,,,NM11,0.077333333,Chloroflexi,
,,,,,,,,,,,,,,NM13,0.066,Chloroflexi,
,,,,,,,,,,,,,,NM17,0.054666667,Chloroflexi,
,,,,,,,,,,,,,,NM21,0.0736,Chloroflexi,
,,,,,,,,,,,,,,NM25,0.0712,Chloroflexi,
,,,,,,,,,,,,,,NM27,0.066,Chloroflexi,
,,,,,,,,,,,,,,NM29,0.048266667,Chloroflexi,
,,,,,,,,,,,,,,NM57,0.073866667,Chloroflexi,
,,,,,,,,,,,,,,NM59,0.065333333,Chloroflexi,
,,,,,,,,,,,,,,NM75,0.066,Chloroflexi,
,,,,,,,,,,,,,,NM77,0.0592,Chloroflexi,
,,,,,,,,,,,,,,NM87,0.072266667,Planctomycetes,
,,,,,,,,,,,,,,NM89,0.052266667,Planctomycetes,
,,,,,,,,,,,,,,NM91,0.049333333,Planctomycetes,
,,,,,,,,,,,,,,NM93,0.0708,Planctomycetes,
,,,,,,,,,,,,,,NM95,0.0576,Planctomycetes,
,,,,,,,,,,,,,,NM97,0.063466667,Planctomycetes,
,,,,,,,,,,,,,,NM99,0.059733333,Planctomycetes,
,,,,,,,,,,,,,,NM101,0.072133333,Planctomycetes,
,,,,,,,,,,,,,,NM103,0.065733333,Planctomycetes,
,,,,,,,,,,,,,,NM105,0.0668,Planctomycetes,
,,,,,,,,,,,,,,NM107,0.038,Planctomycetes,
,,,,,,,,,,,,,,NM109,0.034,Planctomycetes,
,,,,,,,,,,,,,,NM111,0.0408,Planctomycetes,
,,,,,,,,,,,,,,NM1,0.044266667,Planctomycetes,
,,,,,,,,,,,,,,NM3,0.067066667,Planctomycetes,
,,,,,,,,,,,,,,NM5,0.046933333,Planctomycetes,
,,,,,,,,,,,,,,NM15,0.046666667,Planctomycetes,
,,,,,,,,,,,,,,NM19,0.041066667,Planctomycetes,
,,,,,,,,,,,,,,NM23,0.042933333,Planctomycetes,
,,,,,,,,,,,,,,NM31,0.0556,Planctomycetes,
,,,,,,,,,,,,,,NM33,0.0456,Planctomycetes,
,,,,,,,,,,,,,,NM35,0.0412,Planctomycetes,
,,,,,,,,,,,,,,NM37,0.0512,Planctomycetes,
,,,,,,,,,,,,,,NM39,0.044266667,Planctomycetes,
,,,,,,,,,,,,,,NM41,0.042,Planctomycetes,
,,,,,,,,,,,,,,NM43,0.0472,Planctomycetes,
,,,,,,,,,,,,,,NM45,0.0396,Planctomycetes,
,,,,,,,,,,,,,,NM47,0.034,Planctomycetes,
,,,,,,,,,,,,,,NM49,0.049066667,Planctomycetes,
,,,,,,,,,,,,,,NM51,0.039866667,Planctomycetes,
,,,,,,,,,,,,,,NM53,0.037466667,Planctomycetes,
,,,,,,,,,,,,,,NM55,0.036133333,Planctomycetes,
,,,,,,,,,,,,,,NM61,0.0572,Planctomycetes,
,,,,,,,,,,,,,,NM63,0.048533333,Planctomycetes,
,,,,,,,,,,,,,,NM65,0.0372,Planctomycetes,
,,,,,,,,,,,,,,NM67,0.055066667,Planctomycetes,
,,,,,,,,,,,,,,NM69,0.047066667,Planctomycetes,
,,,,,,,,,,,,,,NM71,0.052,Planctomycetes,
,,,,,,,,,,,,,,NM73,0.079466667,Planctomycetes,
,,,,,,,,,,,,,,NM79,0.0552,Planctomycetes,
,,,,,,,,,,,,,,NM81,0.018266667,Planctomycetes,
,,,,,,,,,,,,,,NM83,0.033066667,Planctomycetes,
,,,,,,,,,,,,,,NM85,0.0544,Planctomycetes,
,,,,,,,,,,,,,,NM113,0.0532,Planctomycetes,
,,,,,,,,,,,,,,NM115,0.054933333,Planctomycetes,
,,,,,,,,,,,,,,NM117,0.046133333,Planctomycetes,
,,,,,,,,,,,,,,NM119,0.0524,Planctomycetes,
,,,,,,,,,,,,,,NM121,0.031333333,Planctomycetes,
,,,,,,,,,,,,,,NM123,0.0572,Planctomycetes,
,,,,,,,,,,,,,,NM125,0.0632,Planctomycetes,
,,,,,,,,,,,,,,NM127,0.049333333,Planctomycetes,
,,,,,,,,,,,,,,NM129,0.058666667,Planctomycetes,
,,,,,,,,,,,,,,NM7,0.033733333,Planctomycetes,
,,,,,,,,,,,,,,NM9,0.038,Planctomycetes,
,,,,,,,,,,,,,,NM11,0.051733333,Planctomycetes,
,,,,,,,,,,,,,,NM13,0.048,Planctomycetes,
,,,,,,,,,,,,,,NM17,0.041866667,Planctomycetes,
,,,,,,,,,,,,,,NM21,0.041866667,Planctomycetes,
,,,,,,,,,,,,,,NM25,0.034133333,Planctomycetes,
,,,,,,,,,,,,,,NM27,0.074,Planctomycetes,
,,,,,,,,,,,,,,NM29,0.044133333,Planctomycetes,
,,,,,,,,,,,,,,NM57,0.038933333,Planctomycetes,
,,,,,,,,,,,,,,NM59,0.028133333,Planctomycetes,
,,,,,,,,,,,,,,NM75,0.026266667,Planctomycetes,
,,,,,,,,,,,,,,NM77,0.038666667,Planctomycetes,
,,,,,,,,,,,,,,NM87,0.015733333,Gemmatimonadetes,
,,,,,,,,,,,,,,NM89,0.024666667,Gemmatimonadetes,
,,,,,,,,,,,,,,NM91,0.019733333,Gemmatimonadetes,
,,,,,,,,,,,,,,NM93,0.021866667,Gemmatimonadetes,
,,,,,,,,,,,,,,NM95,0.029866667,Gemmatimonadetes,
,,,,,,,,,,,,,,NM97,0.030266667,Gemmatimonadetes,
,,,,,,,,,,,,,,NM99,0.020133333,Gemmatimonadetes,
,,,,,,,,,,,,,,NM101,0.020266667,Gemmatimonadetes,
,,,,,,,,,,,,,,NM103,0.036933333,Gemmatimonadetes,
,,,,,,,,,,,,,,NM105,0.025066667,Gemmatimonadetes,
,,,,,,,,,,,,,,NM107,0.028133333,Gemmatimonadetes,
,,,,,,,,,,,,,,NM109,0.020666667,Gemmatimonadetes,
,,,,,,,,,,,,,,NM111,0.052266667,Gemmatimonadetes,
,,,,,,,,,,,,,,NM1,0.025333333,Gemmatimonadetes,
,,,,,,,,,,,,,,NM3,0.033733333,Gemmatimonadetes,
,,,,,,,,,,,,,,NM5,0.030933333,Gemmatimonadetes,
,,,,,,,,,,,,,,NM15,0.022133333,Gemmatimonadetes,
,,,,,,,,,,,,,,NM19,0.020133333,Gemmatimonadetes,
,,,,,,,,,,,,,,NM23,0.027333333,Gemmatimonadetes,
,,,,,,,,,,,,,,NM31,0.034666667,Gemmatimonadetes,
,,,,,,,,,,,,,,NM33,0.025066667,Gemmatimonadetes,
,,,,,,,,,,,,,,NM35,0.022,Gemmatimonadetes,
,,,,,,,,,,,,,,NM37,0.026133333,Gemmatimonadetes,
,,,,,,,,,,,,,,NM39,0.0332,Gemmatimonadetes,
,,,,,,,,,,,,,,NM41,0.0168,Gemmatimonadetes,
,,,,,,,,,,,,,,NM43,0.021466667,Gemmatimonadetes,
,,,,,,,,,,,,,,NM45,0.017733333,Gemmatimonadetes,
,,,,,,,,,,,,,,NM47,0.020933333,Gemmatimonadetes,
,,,,,,,,,,,,,,NM49,0.027733333,Gemmatimonadetes,
,,,,,,,,,,,,,,NM51,0.032933333,Gemmatimonadetes,
,,,,,,,,,,,,,,NM53,0.024266667,Gemmatimonadetes,
,,,,,,,,,,,,,,NM55,0.0268,Gemmatimonadetes,
,,,,,,,,,,,,,,NM61,0.023733333,Gemmatimonadetes,
,,,,,,,,,,,,,,NM63,0.0288,Gemmatimonadetes,
,,,,,,,,,,,,,,NM65,0.0464,Gemmatimonadetes,
,,,,,,,,,,,,,,NM67,0.028533333,Gemmatimonadetes,
,,,,,,,,,,,,,,NM69,0.0268,Gemmatimonadetes,
,,,,,,,,,,,,,,NM71,0.034133333,Gemmatimonadetes,
,,,,,,,,,,,,,,NM73,0.029866667,Gemmatimonadetes,
,,,,,,,,,,,,,,NM79,0.017733333,Gemmatimonadetes,
,,,,,,,,,,,,,,NM81,0.021066667,Gemmatimonadetes,
,,,,,,,,,,,,,,NM83,0.013466667,Gemmatimonadetes,
,,,,,,,,,,,,,,NM85,0.026666667,Gemmatimonadetes,
,,,,,,,,,,,,,,NM113,0.041466667,Gemmatimonadetes,
,,,,,,,,,,,,,,NM115,0.028533333,Gemmatimonadetes,
,,,,,,,,,,,,,,NM117,0.028533333,Gemmatimonadetes,
,,,,,,,,,,,,,,NM119,0.034666667,Gemmatimonadetes,
,,,,,,,,,,,,,,NM121,0.030266667,Gemmatimonadetes,
,,,,,,,,,,,,,,NM123,0.017333333,Gemmatimonadetes,
,,,,,,,,,,,,,,NM125,0.029333333,Gemmatimonadetes,
,,,,,,,,,,,,,,NM127,0.042266667,Gemmatimonadetes,
,,,,,,,,,,,,,,NM129,0.0668,Gemmatimonadetes,
,,,,,,,,,,,,,,NM7,0.028533333,Gemmatimonadetes,
,,,,,,,,,,,,,,NM9,0.046,Gemmatimonadetes,
,,,,,,,,,,,,,,NM11,0.028933333,Gemmatimonadetes,
,,,,,,,,,,,,,,NM13,0.032933333,Gemmatimonadetes,
,,,,,,,,,,,,,,NM17,0.022,Gemmatimonadetes,
,,,,,,,,,,,,,,NM21,0.038,Gemmatimonadetes,
,,,,,,,,,,,,,,NM25,0.027866667,Gemmatimonadetes,
,,,,,,,,,,,,,,NM27,0.0632,Gemmatimonadetes,
,,,,,,,,,,,,,,NM29,0.022133333,Gemmatimonadetes,
,,,,,,,,,,,,,,NM57,0.0456,Gemmatimonadetes,
,,,,,,,,,,,,,,NM59,0.0412,Gemmatimonadetes,
,,,,,,,,,,,,,,NM75,0.025333333,Gemmatimonadetes,
,,,,,,,,,,,,,,NM77,0.026533333,Gemmatimonadetes,
,,,,,,,,,,,,,,NM87,0.009466667,Firmicutes,
,,,,,,,,,,,,,,NM89,0.010533333,Firmicutes,
,,,,,,,,,,,,,,NM91,0.015333333,Firmicutes,
,,,,,,,,,,,,,,NM93,0.0052,Firmicutes,
,,,,,,,,,,,,,,NM95,0.0108,Firmicutes,
,,,,,,,,,,,,,,NM97,0.014266667,Firmicutes,
,,,,,,,,,,,,,,NM99,0.0048,Firmicutes,
,,,,,,,,,,,,,,NM101,0.020266667,Firmicutes,
,,,,,,,,,,,,,,NM103,0.0064,Firmicutes,
,,,,,,,,,,,,,,NM105,0.008533333,Firmicutes,
,,,,,,,,,,,,,,NM107,0.0224,Firmicutes,
,,,,,,,,,,,,,,NM109,0.0208,Firmicutes,
,,,,,,,,,,,,,,NM111,0.0124,Firmicutes,
,,,,,,,,,,,,,,NM1,0.017466667,Firmicutes,
,,,,,,,,,,,,,,NM3,0.016,Firmicutes,
,,,,,,,,,,,,,,NM5,0.020533333,Firmicutes,
,,,,,,,,,,,,,,NM15,0.0164,Firmicutes,
,,,,,,,,,,,,,,NM19,0.029066667,Firmicutes,
,,,,,,,,,,,,,,NM23,0.0268,Firmicutes,
,,,,,,,,,,,,,,NM31,0.0272,Firmicutes,
,,,,,,,,,,,,,,NM33,0.0168,Firmicutes,
,,,,,,,,,,,,,,NM35,0.017733333,Firmicutes,
,,,,,,,,,,,,,,NM37,0.0284,Firmicutes,
,,,,,,,,,,,,,,NM39,0.022266667,Firmicutes,
,,,,,,,,,,,,,,NM41,0.015866667,Firmicutes,
,,,,,,,,,,,,,,NM43,0.0428,Firmicutes,
,,,,,,,,,,,,,,NM45,0.075066667,Firmicutes,
,,,,,,,,,,,,,,NM47,0.044133333,Firmicutes,
,,,,,,,,,,,,,,NM49,0.007733333,Firmicutes,
,,,,,,,,,,,,,,NM51,0.014533333,Firmicutes,
,,,,,,,,,,,,,,NM53,0.008266667,Firmicutes,
,,,,,,,,,,,,,,NM55,0.031866667,Firmicutes,
,,,,,,,,,,,,,,NM61,0.004533333,Firmicutes,
,,,,,,,,,,,,,,NM63,0.0128,Firmicutes,
,,,,,,,,,,,,,,NM65,0.0104,Firmicutes,
,,,,,,,,,,,,,,NM67,0.006933333,Firmicutes,
,,,,,,,,,,,,,,NM69,0.012,Firmicutes,
,,,,,,,,,,,,,,NM71,0.0188,Firmicutes,
,,,,,,,,,,,,,,NM73,0.005733333,Firmicutes,
,,,,,,,,,,,,,,NM79,0.032933333,Firmicutes,
,,,,,,,,,,,,,,NM81,0.0388,Firmicutes,
,,,,,,,,,,,,,,NM83,0.033333333,Firmicutes,
,,,,,,,,,,,,,,NM85,0.011466667,Firmicutes,
,,,,,,,,,,,,,,NM113,0.008,Firmicutes,
,,,,,,,,,,,,,,NM115,0.004533333,Firmicutes,
,,,,,,,,,,,,,,NM117,0.0052,Firmicutes,
,,,,,,,,,,,,,,NM119,0.014133333,Firmicutes,
,,,,,,,,,,,,,,NM121,0.0228,Firmicutes,
,,,,,,,,,,,,,,NM123,0.014533333,Firmicutes,
,,,,,,,,,,,,,,NM125,0.0112,Firmicutes,
,,,,,,,,,,,,,,NM127,0.0064,Firmicutes,
,,,,,,,,,,,,,,NM129,0.005066667,Firmicutes,
,,,,,,,,,,,,,,NM7,0.0324,Firmicutes,
,,,,,,,,,,,,,,NM9,0.043866667,Firmicutes,
,,,,,,,,,,,,,,NM11,0.0284,Firmicutes,
,,,,,,,,,,,,,,NM13,0.066266667,Firmicutes,
,,,,,,,,,,,,,,NM17,0.0248,Firmicutes,
,,,,,,,,,,,,,,NM21,0.036133333,Firmicutes,
,,,,,,,,,,,,,,NM25,0.0244,Firmicutes,
,,,,,,,,,,,,,,NM27,0.0156,Firmicutes,
,,,,,,,,,,,,,,NM29,0.0128,Firmicutes,
,,,,,,,,,,,,,,NM57,0.037066667,Firmicutes,
,,,,,,,,,,,,,,NM59,0.053333333,Firmicutes,
,,,,,,,,,,,,,,NM75,0.052933333,Firmicutes,
,,,,,,,,,,,,,,NM77,0.016133333,Firmicutes,
,,,,,,,,,,,,,,NM87,0.018933333,Nitrospirae,
,,,,,,,,,,,,,,NM89,0.034,Nitrospirae,
,,,,,,,,,,,,,,NM91,0.013733333,Nitrospirae,
,,,,,,,,,,,,,,NM93,0.013466667,Nitrospirae,
,,,,,,,,,,,,,,NM95,0.016133333,Nitrospirae,
,,,,,,,,,,,,,,NM97,0.0188,Nitrospirae,
,,,,,,,,,,,,,,NM99,0.051466667,Nitrospirae,
,,,,,,,,,,,,,,NM101,0.011866667,Nitrospirae,
,,,,,,,,,,,,,,NM103,0.0164,Nitrospirae,
,,,,,,,,,,,,,,NM105,0.019733333,Nitrospirae,
,,,,,,,,,,,,,,NM107,0.014266667,Nitrospirae,
,,,,,,,,,,,,,,NM109,0.007733333,Nitrospirae,
,,,,,,,,,,,,,,NM111,0.012133333,Nitrospirae,
,,,,,,,,,,,,,,NM1,0.011466667,Nitrospirae,
,,,,,,,,,,,,,,NM3,0.013466667,Nitrospirae,
,,,,,,,,,,,,,,NM5,0.009866667,Nitrospirae,
,,,,,,,,,,,,,,NM15,0.013466667,Nitrospirae,
,,,,,,,,,,,,,,NM19,0.007466667,Nitrospirae,
,,,,,,,,,,,,,,NM23,0.0084,Nitrospirae,
,,,,,,,,,,,,,,NM31,0.005733333,Nitrospirae,
,,,,,,,,,,,,,,NM33,0.009333333,Nitrospirae,
,,,,,,,,,,,,,,NM35,0.014266667,Nitrospirae,
,,,,,,,,,,,,,,NM37,0.0076,Nitrospirae,
,,,,,,,,,,,,,,NM39,0.011466667,Nitrospirae,
,,,,,,,,,,,,,,NM41,0.013733333,Nitrospirae,
,,,,,,,,,,,,,,NM43,0.011333333,Nitrospirae,
,,,,,,,,,,,,,,NM45,0.011733333,Nitrospirae,
,,,,,,,,,,,,,,NM47,0.013866667,Nitrospirae,
,,,,,,,,,,,,,,NM49,0.006133333,Nitrospirae,
,,,,,,,,,,,,,,NM51,0.008666667,Nitrospirae,
,,,,,,,,,,,,,,NM53,0.0132,Nitrospirae,
,,,,,,,,,,,,,,NM55,0.016666667,Nitrospirae,
,,,,,,,,,,,,,,NM61,0.0116,Nitrospirae,
,,,,,,,,,,,,,,NM63,0.015466667,Nitrospirae,
,,,,,,,,,,,,,,NM65,0.014266667,Nitrospirae,
,,,,,,,,,,,,,,NM67,0.017333333,Nitrospirae,
,,,,,,,,,,,,,,NM69,0.0136,Nitrospirae,
,,,,,,,,,,,,,,NM71,0.010266667,Nitrospirae,
,,,,,,,,,,,,,,NM73,0.013333333,Nitrospirae,
,,,,,,,,,,,,,,NM79,0.012,Nitrospirae,
,,,,,,,,,,,,,,NM81,0.006,Nitrospirae,
,,,,,,,,,,,,,,NM83,0.0184,Nitrospirae,
,,,,,,,,,,,,,,NM85,0.014133333,Nitrospirae,
,,,,,,,,,,,,,,NM113,0.012133333,Nitrospirae,
,,,,,,,,,,,,,,NM115,0.0228,Nitrospirae,
,,,,,,,,,,,,,,NM117,0.021333333,Nitrospirae,
,,,,,,,,,,,,,,NM119,0.018,Nitrospirae,
,,,,,,,,,,,,,,NM121,0.0064,Nitrospirae,
,,,,,,,,,,,,,,NM123,0.0188,Nitrospirae,
,,,,,,,,,,,,,,NM125,0.017333333,Nitrospirae,
,,,,,,,,,,,,,,NM127,0.015733333,Nitrospirae,
,,,,,,,,,,,,,,NM129,0.026666667,Nitrospirae,
,,,,,,,,,,,,,,NM7,0.010933333,Nitrospirae,
,,,,,,,,,,,,,,NM9,0.0144,Nitrospirae,
,,,,,,,,,,,,,,NM11,0.010933333,Nitrospirae,
,,,,,,,,,,,,,,NM13,0.011066667,Nitrospirae,
,,,,,,,,,,,,,,NM17,0.010133333,Nitrospirae,
,,,,,,,,,,,,,,NM21,0.011733333,Nitrospirae,
,,,,,,,,,,,,,,NM25,0.0088,Nitrospirae,
,,,,,,,,,,,,,,NM27,0.006933333,Nitrospirae,
,,,,,,,,,,,,,,NM29,0.0108,Nitrospirae,
,,,,,,,,,,,,,,NM57,0.012533333,Nitrospirae,
,,,,,,,,,,,,,,NM59,0.01,Nitrospirae,
,,,,,,,,,,,,,,NM75,0.010666667,Nitrospirae,
,,,,,,,,,,,,,,NM77,0.0108,Nitrospirae,
,,,,,,,,,,,,,,NM87,0.000133333,Euryarchaeota,
,,,,,,,,,,,,,,NM89,0.001333333,Euryarchaeota,
,,,,,,,,,,,,,,NM91,0.001466667,Euryarchaeota,
,,,,,,,,,,,,,,NM93,0.001066667,Euryarchaeota,
,,,,,,,,,,,,,,NM95,0.000133333,Euryarchaeota,
,,,,,,,,,,,,,,NM97,0.000266667,Euryarchaeota,
,,,,,,,,,,,,,,NM99,0.0012,Euryarchaeota,
,,,,,,,,,,,,,,NM101,0.000533333,Euryarchaeota,
,,,,,,,,,,,,,,NM103,0.0004,Euryarchaeota,
,,,,,,,,,,,,,,NM105,0.0004,Euryarchaeota,
,,,,,,,,,,,,,,NM107,0.002266667,Euryarchaeota,
,,,,,,,,,,,,,,NM109,0.002533333,Euryarchaeota,
,,,,,,,,,,,,,,NM111,0.000666667,Euryarchaeota,
,,,,,,,,,,,,,,NM1,0.001333333,Euryarchaeota,
,,,,,,,,,,,,,,NM3,0.001733333,Euryarchaeota,
,,,,,,,,,,,,,,NM5,0.001733333,Euryarchaeota,
,,,,,,,,,,,,,,NM15,0.001866667,Euryarchaeota,
,,,,,,,,,,,,,,NM19,0.003333333,Euryarchaeota,
,,,,,,,,,,,,,,NM23,0.0028,Euryarchaeota,
,,,,,,,,,,,,,,NM31,0.002533333,Euryarchaeota,
,,,,,,,,,,,,,,NM33,0.000533333,Euryarchaeota,
,,,,,,,,,,,,,,NM35,0.000666667,Euryarchaeota,
,,,,,,,,,,,,,,NM37,0.0008,Euryarchaeota,
,,,,,,,,,,,,,,NM39,0.001866667,Euryarchaeota,
,,,,,,,,,,,,,,NM41,0.0008,Euryarchaeota,
,,,,,,,,,,,,,,NM43,0.0012,Euryarchaeota,
,,,,,,,,,,,,,,NM45,0.000266667,Euryarchaeota,
,,,,,,,,,,,,,,NM47,0.000666667,Euryarchaeota,
,,,,,,,,,,,,,,NM49,0.0004,Euryarchaeota,
,,,,,,,,,,,,,,NM51,0.000266667,Euryarchaeota,
,,,,,,,,,,,,,,NM53,0.000266667,Euryarchaeota,
,,,,,,,,,,,,,,NM55,0.001066667,Euryarchaeota,
,,,,,,,,,,,,,,NM61,0.001066667,Euryarchaeota,
,,,,,,,,,,,,,,NM63,0.000533333,Euryarchaeota,
,,,,,,,,,,,,,,NM65,0.002933333,Euryarchaeota,
,,,,,,,,,,,,,,NM67,0.001733333,Euryarchaeota,
,,,,,,,,,,,,,,NM69,0.001333333,Euryarchaeota,
,,,,,,,,,,,,,,NM71,0.002533333,Euryarchaeota,
,,,,,,,,,,,,,,NM73,0.000533333,Euryarchaeota,
,,,,,,,,,,,,,,NM79,0.002133333,Euryarchaeota,
,,,,,,,,,,,,,,NM81,0.0016,Euryarchaeota,
,,,,,,,,,,,,,,NM83,0.0024,Euryarchaeota,
,,,,,,,,,,,,,,NM85,0.000266667,Euryarchaeota,
,,,,,,,,,,,,,,NM113,0,Euryarchaeota,
,,,,,,,,,,,,,,NM115,0.000133333,Euryarchaeota,
,,,,,,,,,,,,,,NM117,0.0004,Euryarchaeota,
,,,,,,,,,,,,,,NM119,0.000266667,Euryarchaeota,
,,,,,,,,,,,,,,NM121,0,Euryarchaeota,
,,,,,,,,,,,,,,NM123,0.000133333,Euryarchaeota,
,,,,,,,,,,,,,,NM125,0.000266667,Euryarchaeota,
,,,,,,,,,,,,,,NM127,0.0004,Euryarchaeota,
,,,,,,,,,,,,,,NM129,0.0008,Euryarchaeota,
,,,,,,,,,,,,,,NM7,0.0004,Euryarchaeota,
,,,,,,,,,,,,,,NM9,0.001733333,Euryarchaeota,
,,,,,,,,,,,,,,NM11,0.000666667,Euryarchaeota,
,,,,,,,,,,,,,,NM13,0.000933333,Euryarchaeota,
,,,,,,,,,,,,,,NM17,0.0004,Euryarchaeota,
,,,,,,,,,,,,,,NM21,0.001066667,Euryarchaeota,
,,,,,,,,,,,,,,NM25,0.0012,Euryarchaeota,
,,,,,,,,,,,,,,NM27,0.017466667,Euryarchaeota,
,,,,,,,,,,,,,,NM29,0.003333333,Euryarchaeota,
,,,,,,,,,,,,,,NM57,0.001333333,Euryarchaeota,
,,,,,,,,,,,,,,NM59,0.002533333,Euryarchaeota,
,,,,,,,,,,,,,,NM75,0.001866667,Euryarchaeota,
,,,,,,,,,,,,,,NM77,0.0012,Euryarchaeota,
,,,,,,,,,,,,,,NM87,0.0508,others,
,,,,,,,,,,,,,,NM89,0.067066667,others,
,,,,,,,,,,,,,,NM91,0.041066667,others,
,,,,,,,,,,,,,,NM93,0.040266667,others,
,,,,,,,,,,,,,,NM95,0.049466667,others,
,,,,,,,,,,,,,,NM97,0.052933333,others,
,,,,,,,,,,,,,,NM99,0.074666667,others,
,,,,,,,,,,,,,,NM101,0.031066667,others,
,,,,,,,,,,,,,,NM103,0.0432,others,
,,,,,,,,,,,,,,NM105,0.062,others,
,,,,,,,,,,,,,,NM107,0.0452,others,
,,,,,,,,,,,,,,NM109,0.0392,others,
,,,,,,,,,,,,,,NM111,0.05,others,
,,,,,,,,,,,,,,NM1,0.059866667,others,
,,,,,,,,,,,,,,NM3,0.045066667,others,
,,,,,,,,,,,,,,NM5,0.062533333,others,
,,,,,,,,,,,,,,NM15,0.14,others,
,,,,,,,,,,,,,,NM19,0.079333333,others,
,,,,,,,,,,,,,,NM23,0.084666667,others,
,,,,,,,,,,,,,,NM31,0.034533333,others,
,,,,,,,,,,,,,,NM33,0.0424,others,
,,,,,,,,,,,,,,NM35,0.053466667,others,
,,,,,,,,,,,,,,NM37,0.0312,others,
,,,,,,,,,,,,,,NM39,0.046133333,others,
,,,,,,,,,,,,,,NM41,0.0904,others,
,,,,,,,,,,,,,,NM43,0.052,others,
,,,,,,,,,,,,,,NM45,0.0548,others,
,,,,,,,,,,,,,,NM47,0.060266667,others,
,,,,,,,,,,,,,,NM49,0.027466667,others,
,,,,,,,,,,,,,,NM51,0.042,others,
,,,,,,,,,,,,,,NM53,0.040533333,others,
,,,,,,,,,,,,,,NM55,0.053733333,others,
,,,,,,,,,,,,,,NM61,0.036,others,
,,,,,,,,,,,,,,NM63,0.0444,others,
,,,,,,,,,,,,,,NM65,0.028,others,
,,,,,,,,,,,,,,NM67,0.052666667,others,
,,,,,,,,,,,,,,NM69,0.054533333,others,
,,,,,,,,,,,,,,NM71,0.059733333,others,
,,,,,,,,,,,,,,NM73,0.0384,others,
,,,,,,,,,,,,,,NM79,0.061733333,others,
,,,,,,,,,,,,,,NM81,0.043466667,others,
,,,,,,,,,,,,,,NM83,0.032266667,others,
,,,,,,,,,,,,,,NM85,0.056266667,others,
,,,,,,,,,,,,,,NM113,0.0324,others,
,,,,,,,,,,,,,,NM115,0.033333333,others,
,,,,,,,,,,,,,,NM117,0.0348,others,
,,,,,,,,,,,,,,NM119,0.0376,others,
,,,,,,,,,,,,,,NM121,0.024666667,others,
,,,,,,,,,,,,,,NM123,0.0656,others,
,,,,,,,,,,,,,,NM125,0.053866667,others,
,,,,,,,,,,,,,,NM127,0.047466667,others,
,,,,,,,,,,,,,,NM129,0.0472,others,
,,,,,,,,,,,,,,NM7,0.150133333,others,
,,,,,,,,,,,,,,NM9,0.068133333,others,
,,,,,,,,,,,,,,NM11,0.0752,others,
,,,,,,,,,,,,,,NM13,0.0764,others,
,,,,,,,,,,,,,,NM17,0.086133333,others,
,,,,,,,,,,,,,,NM21,0.0712,others,
,,,,,,,,,,,,,,NM25,0.057066667,others,
,,,,,,,,,,,,,,NM27,0.038533333,others,
,,,,,,,,,,,,,,NM29,0.0476,others,
,,,,,,,,,,,,,,NM57,0.0448,others,
,,,,,,,,,,,,,,NM59,0.069333333,others,
,,,,,,,,,,,,,,NM75,0.025066667,others,
,,,,,,,,,,,,,,NM77,0.047866667,others,
,,,,,,,,,,,,,,,,,
,,,,,,,,,,,,,,,,,
,,,,,,,,,,,,,,,,,
,,,,,,,,,,,,,,,,,
,,,,,,,,,,,,,,,,,
,,,,,,,,,,,,,,,,,
,,,,,,,,,,,,,,,,,
,,,,,,,,,,,,,,,,,
,,,,,,,,,,,,,,,,,
,,,,,,,,,,,,,,,,,
,,,,,,,,,,,,,,,,,
,,,,,,,,,,,,,,,,,
,,,,,,,,,,,,,,,,,
,,,,,,,,,,,,,,,,,
,,,,,,,,,,,,,,,,,
,,,,,,,,,,,,,,,,,
,,,,,,,,,,,,,,,,,
,,,,,,,,,,,,,,,,,
,,,,,,,,,,,,,,,,,
,,,,,,,,,,,,,,,,,
,,,,,,,,,,,,,,,,,
,,,,,,,,,,,,,,,,,
,,,,,,,,,,,,,,,,,
,,,,,,,,,,,,,,,,,
,,,,,,,,,,,,,,,,,
,,,,,,,,,,,,,,,,,
,,,,,,,,,,,,,,,,,
,,,,,,,,,,,,,,,,,
,,,,,,,,,,,,,,,,,
,,,,,,,,,,,,,,,,,
,,,,,,,,,,,,,,,,,
,,,,,,,,,,,,,,,,,
,,,,,,,,,,,,,,,,,
,,,,,,,,,,,,,,,,,
,,,,,,,,,,,,,,,,,
,,,,,,,,,,,,,,,,,
,,,,,,,,,,,,,,,,,
,,,,,,,,,,,,,,,,,
,,,,,,,,,,,,,,,,,
,,,,,,,,,,,,,,,,,
,,,,,,,,,,,,,,,,,
,,,,,,,,,,,,,,,,,
,,,,,,,,,,,,,,,,,
,,,,,,,,,,,,,,,,,
,,,,,,,,,,,,,,,,,
,,,,,,,,,,,,,,,,,
,,,,,,,,,,,,,,,,,
,,,,,,,,,,,,,,,,,
,,,,,,,,,,,,,,,,,
,,,,,,,,,,,,,,,,,
,,,,,,,,,,,,,,,,,
,,,,,,,,,,,,,,,,,
,,,,,,,,,,,,,,,,,
,,,,,,,,,,,,,,,,,
,,,,,,,,,,,,,,,,,
,,,,,,,,,,,,,,,,,
,,,,,,,,,,,,,,,,,
,,,,,,,,,,,,,,,,,
,,,,,,,,,,,,,,,,,
,,,,,,,,,,,,,,,,,
,,,,,,,,,,,,,,,,,
,,,,,,,,,,,,,,,,,
,,,,,,,,,,,,,,,,,
,,,,,,,,,,,,,,,,,
,,,,,,,,,,,,,,,,,
